run,records,victims,reference_p50_ns,reference_p95_ns,bitmap_p50_ns,bitmap_p95_ns
1,17,1,430,440,150,150
1,17,4,510,510,370,380
1,17,8,630,640,730,740
1,32,1,890,900,220,230
1,32,4,980,1000,660,660
1,32,8,1140,1150,1010,1020
1,64,1,2050,2070,350,370
1,64,4,2100,2120,1230,1260
1,64,8,2201,2220,1530,1530
2,17,1,430,440,150,150
2,17,4,510,510,370,380
2,17,8,630,640,730,740
2,32,1,890,900,200,210
2,32,4,980,1000,660,670
2,32,8,1140,1150,1010,1010
2,64,1,2050,2090,360,370
2,64,4,2120,2150,1220,1250
2,64,8,2210,2220,1530,1540
3,17,1,430,430,150,150
3,17,4,510,510,390,400
3,17,8,630,640,730,740
3,32,1,890,900,200,210
3,32,4,980,990,650,650
3,32,8,1140,1160,1020,1030
3,64,1,2050,2060,350,350
3,64,4,2100,2120,1210,1230
3,64,8,2210,2240,1530,1540
